id,nomeCivil,siglaUF,siglaPartido
204379,ACÁCIO DA SILVA FAVACHO NETO,AP,MDB
220714,ADAIL JOSÉ FIGUEIREDO PINHEIRO,AM,REPUBLICANOS
221328,ADILSON BARROSO OLIVEIRA,SP,PL
204560,ADOLFO VIANA DE CASTRO NETO,BA,PSDB
204528,ADRIANA MIGUEL VENTURA,SP,NOVO
121948,ADRIANO ANTÔNIO AVELAR,GO,PP
74646,AÉCIO NEVES DA CUNHA,MG,PSDB
136811,JOSÉ ALFONSO EBERT HAMM,RS,PP
178835,AFONSO ANTUNES DA MOTTA,RS,PDT
160527,AGUINALDO VELLOSO BORGES RIBEIRO,PB,PP
204495,AIRTON LUIZ FALEIRO,PA,PT
204549,ANTONIO JOSE AGUIAR ALBUQUERQUE,CE,PP
73579,JOÃO ALBERTO FRAGA SILVA,DF,PL
220538,JOSÉ FRANCISCO LOPES DE ALBUQUERQUE,RR,REPUBLICANOS
160559,ALCEU MOREIRA DA SILVA,RS,MDB
204501,ALENCAR SANTANA BRAGA,SP,PT
178972,ALEX SPINELLI MANENTE,SP,CIDADANIA
204571,ALEX MARCO SANTANA SOUSA,BA,REPUBLICANOS
220542,JOSÉ ALEXANDRE DOMINGUES GUIMARÃES,TO,MDB
160545,ALEXANDRE LEITE DA SILVA,SP,UNIÃO
220554,ALEXANDRE DUARTE LINDENMEYER,RS,PT
221148,ALFREDO ALVES CAVALCANTE,SP,PT
220576,ALFREDO GASPAR DE MENDONÇA NETO,AL,UNIÃO
74057,ALICE MAZZUCO PORTUGAL,BA,PCdoB
178927,ALIEL MACHADO BARK,PR,PV
226708,ALLAN QUADROS GARCÊS,MA,PP
178937,ALTINEU CÔRTES FREITAS COUTINHO,RJ,PL
178881,ALUISIO GUIMARAES MENDES FILHO,MA,REPUBLICANOS
220707,AMANDA KELLY GENTIL GUIMARÃES ROSA,MA,PP
204356,AMARO ROCHA NASCIMENTO NETO,ES,REPUBLICANOS
220715,AMOM MANDEL LINS FILHO,AM,CIDADANIA
107970,ANA PAULA PROCOPIO JUNQUEIRA,MG,PP
220556,ANA PAULA DE SOUZA LIMA,SC,PT
220632,ANA CRISTINA DE LIMA PIMENTEL,MG,PT
178831,ANDRE DOS SANTOS ABDON,AP,PP
220657,ANDRÉ FERNANDES DE MOURA,CE,PL
204423,ANDRÉ FERREIRA RODRIGUES,PE,PL
133439,ANDRÉ PEIXOTO FIGUEIREDO LIMA,CE,PDT
204515,ANDRE LUIS GASPAR JANONES,MG,AVANTE
220676,ANDREIA BRITO GONÇALVES SIQUEIRA,PA,MDB
123756,ANTÔNIA LUCILÉIA CRUZ RAMOS CÂMARA,AC,REPUBLICANOS
220544,ANTONIO POINCARE ANDRADE FILHO,TO,REPUBLICANOS
160553,ANTONIO LUIZ PARANHOS RIBEIRO LEITE DE BRITO,BA,PSD
220638,ANTONIO CARLOS RODRIGUES,SP,PL
220675,ANTONIO LEOCÁDIO DOS SANTOS,PA,MDB
220549,ANY MACHADO ORTIZ,RS,CIDADANIA
73433,ARLINDO CHIGNALIA JUNIOR,SP,PT
141391,ARNALDO CALIL PEREIRA JARDIM,SP,CIDADANIA
160541,ARTHUR CÉSAR PEREIRA DE LIRA,AL,PP
160600,ARTHUR DE OLIVEIRA MAIA DA SILVA,BA,UNIÃO
74090,ÁTILA SIDNEY LINS DE ALBUQUERQUE,AM,PSD
123086,ÁTILA DE MELO LIRA,PI,PP
160665,AUGUSTO RODRIGUES COUTINHO DE MELO,PE,REPUBLICANOS
160512,AUREO LIDIO MOREIRA RIBEIRO,RJ,SOLIDARIEDADE
69871,JOAO CARLOS BACELAR BATISTA,BA,PV
178975,LUIZ FELIPE BALEIA TENUTO ROSSI,SP,MDB
220605,EDUARDO CARVALHO BANDEIRA DE MELLO,RJ,PSB
220612,Carlos Roberto Rodrigues,RJ,PP
73701,BENEDITA SOUZA DA SILVA SAMPAIO,RJ,PT
109429,LUIZ BENES LEOCADIO DE ARAUJO,RN,UNIÃO
204358,HUMBERTO REZENDE PEREIRA,MS,PSDB
220683,CARLOS ALBERTO RICHA,PR,PSDB
204374,BEATRIZ KICIS TORRENTS DE SORDI,DF,PL
204388,ALCIBIO MESQUITA BIBO NUNES,RS,PL
160538,ELVINO JOSÉ BOHN GASS,RS,PT
210989,BRUNO SOUZA FARIAS,MG,AVANTE
220635,BRUNO AREVALO GANEM,SP,PODE
220574,GILBERTO GOMES DA SILVA,PB,PL
143942,CAIO SANTOS VIANNA,RJ,PSD
220548,CAMILA BAZACHI JARA MARZOCHI,MS,PT
204572,ALBERTO BARROS CAVALCANTE NETO,AM,PL
220690,ALDEN JOSE LAZARO DA SILVA,BA,PL
178829,JOSE AUGUSTO ROSA,SP,PL
213762,HILKEA CARLA DE SOUZA MEDEIROS LIMA,RN,UNIÃO
204361,CARLOS ALBERTO CHIODINI,SC,MDB
178962,ANTONIO CARLOS GOMES DA SILVA,RS,REPUBLICANOS
178993,CARLOS HENRIQUE AMORIM,TO,UNIÃO
204460,Carlos Roberto Jordy Coelho de Mattos,RJ,PL
74262,CARLOS HENRIQUE FOCESI SAMPAIO,SP,PSD
204426,JOSÉ CARLOS VERAS DOS SANTOS,PE,PT
141398,CARLOS ALBERTO ROLIM ZARATTINI,SP,PT
220704,ANA CAROLINA MOURA MELO DARTORA,PR,PT
204369,CAROLINE RODRIGUES DE TONI,SC,PL
220699,JOSÉ DIAS DE CASTRO NETO,PI,PSD
206018,CÉLIA NUNES CORREA,MG,PSOL
178876,CELIO ANTONIO DA SILVEIRA,GO,MDB
204488,CELIO STUDART BARBOSA,CE,PSD
73441,CELSO UBIRAJARA RUSSOMANNO,SP,REPUBLICANOS
204496,CELSO SABINO DE OLIVEIRA,PA,UNIÃO
204504,ANTONIO CEZAR CORREIA FREIRE,SP,PSD
205476,CHARLES FERNANDES SILVEIRA SANTANA,BA,PSD
74171,FRANCISCO RODRIGUES DE ALENCAR FILHO,RJ,PSOL
204462,CHRISTINE NOGUEIRA DOS REIS TONIETTO,RJ,PL
220665,ERICA CLARISSA BORBA CORDEIRO DE MOURA,PE,PP
74537,CLÁUDIO CAJADO SAMPAIO,BA,PP
141408,CLEBER VERDE CORDEIRO MENDES,MA,MDB
88256,CLODOALDO MAGALHÃES OLIVEIRA LYRA,PE,PV
98148,VALDIR VITAL COBALCHINI,SC,MDB
220594,JONILDO JOSÉ DE ASSIS,MT,UNIÃO
204378,JOÃO CHRISÓSTOMO DE MOURA,RO,PL
220595,RUBIA FERNANDA DINIZ ROBSON SANTOS DE SIQUEIRA,MT,PL
220666,LUIZ DE FRANÇA E SILVA MEIRA,PE,PL
220590,ULYSSES FREITAS PEREIRA DE ARAÚJO,AC,UNIÃO
178963,LUIS ANTONIO FRANCISCATTO COVATTI,RS,PP
220608,CRISTIANE LOPES DA LUZ,RO,UNIÃO
204355,JOSIAS MARIO DA VITORIA,ES,PP
141411,DAGOBERTO NOGUEIRA FILHO,MS,PSDB
220555,DAIANA SILVA DOS SANTOS,RS,PCdoB
220692,ADALBERTO ROSA BARRETO,BA,UNIÃO
74467,DAMIÃO FELICIANO DA SILVA,PB,UNIÃO
220629,DANDARA TONANTZIN SILVA CASTRO,MG,PT
220603,DANIELLE DYTZ DA CUNHA,RJ,UNIÃO
220571,DANIEL VIEIRA RAMOS,GO,PL
74060,DANIEL GOMES DE ALMEIDA,BA,PCdoB
220582,DANIEL BARBOSA DE ALMEIDA SILVA,AL,PP
204367,DANIEL COSTA DE FREITAS,SC,PL
204409,DANIEL TRZECIAK DUARTE,RS,PSDB
204459,DANIELA MOTE DE SOUZA CARNEIRO,RJ,UNIÃO
220557,DANIELA CRISTINA REINEHR,SC,PL
62881,FRANCISCO DANILO BASTOS FORTE,CE,UNIÃO
160552,DANRLEI DE DEUS HINTERHOLZ,RS,PSD
204511,DAVID BEZERRA RIBEIRO SOARES,SP,UNIÃO
220539,STÉLIO DENER DE SOUZA CRUZ,RR,REPUBLICANOS
220565,ADRIANA SAUTHIER ACCORSI,GO,PT
220625,IONE MARIA MOREIRA DIAS BARBOSA,MG,AVANTE
220561,KATARINA FEITOZA LIMA SANTANA,SE,PSD
220642,BRUNO MARCELLO DE OLIVEIRA LIMA,SP,PP
220673,LENILDO MENDES DOS SANTOS SERTÃO,PA,PL
220649,CARLOS ALBERTO DA CUNHA,SP,PP
178908,EDER MAURO CARDOSO BARRA,PA,PL
220583,FABIO MICHEY COSTA DA SILVA,AL,PP
204512,MARCELO EDUARDO FREITAS,MG,UNIÃO
220701,MATHEUS ARAUJO LAIOLA,PR,UNIÃO
220652,MARIO PALUMBO JUNIOR,SP,MDB
220654,PAULO FRANCISCO MUNIZ BILYNSKYJ,SP,PL
220553,DENISE DA SILVA PESSÔA,RS,PT
160588,DIEGO LEONARDO DE ANDRADE CARVALHO,MG,PSD
220691,DIEGO HENRIQUE SILVA CERQUEIRA MARTINS,BA,PSD
178929,DIEGO ALEXSANDER GONCALO PAULA GARCIA,PR,REPUBLICANOS
73768,DILCEU JOÃO SPERAFICO,PR,PP
220671,DILVANDA FURTADO FARO,PA,PT
160599,DIMAS FABIANO TOLEDO JÚNIOR,MG,PP
220602,DIMAS DE PAIVA GADELHA JUNIOR,RJ,PT
143632,DOMINGOS GOMES DE AGUIAR NETO,CE,PSD
160758,DOMINGOS SÁVIO CAMPOS RESENDE,MG,PL
220573,DORINALDO BARBOSA MALAFAIA,AP,PDT
204450,LUIZ ANTONIO DE SOUZA TEIXEIRA JÚNIOR,RJ,PP
227991,FLAVIO CAMPOS FERREIRA,RJ,PL
220610,FERNANDO RODRIGUES MÁXIMO,RO,UNIÃO
220688,FRANCISCO DE ASSIS DE OLIVEIRA COSTA,PI,PT
204518,FREDERICO DE CASTRO ESCALEIRA,MG,PRD
220570,ISMAEL ALEXANDRINO JUNIOR,GO,PSD
204481,JAZIEL PEREIRA DE SOUSA,CE,PL
204351,LUIZ ALBERTO OVANDO,MS,PP
220528,VICTOR GAROZI LINHALIS,ES,PODE
204412,ZACARIAS CALIL HAMU,GO,UNIÃO
220674,ALESSANDRA HABER CARVALHO SANTOS,PA,MDB
220686,HILDELIS SILVA DUARTE JUNIOR,MA,PSB
220540,DUDA BRITO RAMOS,RR,MDB
220623,DUDA SALABERT ROSA,MG,PDT
141421,EDUARDO HENRIQUE DA FONTE DE ALBUQUERQUE SILVA,PE,PP
220589,EDUARDO OVÍDIO BORGES DE VELLOSO VIANNA,AC,UNIÃO
74075,ELCIONE THEREZINHA ZAHLUTH BARBALHO,PA,MDB
204364,ELI DIAS BORGES,TO,PL
229585,ELISANGELA DOS SANTOS ARAUJO,BA,PT
178854,ELMAR JOSE VIEIRA NASCIMENTO,BA,UNIÃO
218086,ELIANE DE SOUSA ALVES,SP,REPUBLICANOS
198783,EMANUEL PINHEIRO DA SILVA PRIMO,MT,MDB
161550,EMIDIO ALVES MADEIRA JUNIOR,MG,PL
225730,ANA PAULA BRANDÃO DA SILVA FARIAS,CE,PODE
230765,REJANE DE ALMEIDA,RJ,PCdoB
220663,JOSÉ ERIBERTO MEDEIROS DE OLIVEIRA,PE,PSB
220645,ERIKA SANTOS SILVA,SP,PSOL
160575,ÉRIKA JUCÁ KOKAY,DF,PT
160640,EROS FERREIRA BIONDINI,MG,PL
204482,EUCLYDES MARCOS PETTERSEN NETO,MG,REPUBLICANOS
74454,EUNÍCIO LOPES DE OLIVEIRA,CE,MDB
178871,EVAIR VIEIRA DE MELO,ES,PP
220681,FÁBIO HENRIQUE DIAS DE  MACEDO,MA,PODE
171623,FABIO DE ALMEIDA REIS,SE,PSD
204368,FÁBIO LUIZ SCHIOCHET FILHO,SC,UNIÃO
220653,Fábio Eduardo de Oliveira Teruel,SP,MDB
74065,FÁTIMA LÚCIA PELAES,AP,REPUBLICANOS
220712,FAUSTO VIEIRA DOS SANTOS JUNIOR,AM,UNIÃO
66828,FAUSTO RUY PINATO,SP,PP
220646,FELIPE BECARI COMENALE,SP,UNIÃO
72442,FELIPE AUGUSTO LYRA CARRERAS,PE,PSB
204398,LUIS FELIPE BONATTO FRANCISCHINI,PR,UNIÃO
160666,FELIX DE ALMEIDA MENDONÇA JÚNIOR,BA,PDT
204407,FERNANDA MELCHIONNA E SILVA,RS,PSOL
141431,FERNANDO BEZERRA DE SOUZA COELHO FILHO,PE,UNIÃO
204445,FERNANDO WANDERLEY VARGAS DA SILVA,RN,PT
92699,FERNANDO MONTEIRO DE ALBUQUERQUE,PE,PSD
204427,FERNANDO RODOLFO TENORIO DE VASCONCELOS,PE,PL
204411,FILIPE BARROS BAPTISTA DE TOLEDO RIBEIRO,PR,PL
220545,FILIPE MARTINS DOS SANTOS,TO,PL
160598,FLÁVIA CARREIRO ALBUQUERQUE MORAIS,GO,PDT
191923,FLÁVIO RODRIGUES NOGUEIRA,PI,PT
220700,FLORENTINO ALVES VERAS NETO,PI,PT
220551,FRANCIANE ABADE BAYER MULLER,RS,REPUBLICANOS
204494,FREDERICO BORGES DA COSTA,MG,PRD
220534,DAVYS FREDERICO TEIXEIRA LINHARES,DF,REPUBLICANOS
224117,GABRIEL MOTA E SILVA,RR,REPUBLICANOS
220708,GABRIEL JOSE MOURA NUNES SOARES,BA,PSD
204473,ELIÉSER GIRÃO MONTEIRO FILHO,RN,PL
220611,EDUARDO PAZUELLO,RJ,PL
178966,Geovânia de Sá,SC,PSDB
220702,GERALDO GABRIEL MENDES,PR,UNIÃO
74374,GERALDO RESENDE PEREIRA,MS,PSDB
204394,GERVÁSIO AGRIPINO MAIA,PB,PSB
74383,FERNANDO LÚCIO GIACOBO,PR,PL
204491,GILBERTO APARECIDO ABRAMO,MG,REPUBLICANOS
74270,GILBERTO NASCIMENTO SILVA,SP,PSD
220529,GILSON DANIEL BATISTA,ES,PODE
204365,GILSON MARQUES VIEIRA,SC,NOVO
220526,GILVAN AGUIAR COSTA,ES,PL
160673,GIOVANI CHERINI,RS,PL
226179,GISELA SIMONA VIANA DE SOUZA,MT,UNIÃO
204419,GLAUSKSTON BATISTA RIOS,GO,PODE
129618,MARIA GORETE PEREIRA,CE,MDB
198197,GREYCE DE QUEIROZ ELIAS,MG,AVANTE
204531,GUILHERME MURARO DERRITE,SP,PP
220664,GUILHERME A. UCHOA CAVALCANTI PESSOA DE MELO JUNIOR,PE,PSB
220568,GUSTAVO GAYER MACHADO DE ARAUJO,GO,PL
204408,LUIZ AUGUSTO CARVALHO RIBEIRO FILHO,SE,REPUBLICANOS
204456,GUTEMBERG REIS DE OLIVEIRA,RJ,MDB
178964,HEITOR JOSE SCHUCH,RS,PSB
178873,HELDER IGNACIO SALOMAO,ES,PT
220537,MARIA HELENA TEIXEIRA LIMA,RR,MDB
204444,HELIO FERNANDO BARBOSA LOPES,RJ,PL
234788,HELOÍSA HELENA LIMA DE MORAES CARVALHO,RJ,REDE
220672,HENDERSON LIRA PINTO,PA,MDB
204539,HERCÍLIO ARAÚJO DINIZ FILHO,MG,MDB
178884,HILDO AUGUSTO DA ROCHA NETO,MA,MDB
141450,HUGO LEAL MELO DA SILVA,RJ,PSD
160674,HUGO MOTTA WANDERLEY DA NÓBREGA,PB,REPUBLICANOS
220563,ICARO BARBOSA COSTA,SE,PL
204508,IGOR TARCIANO TIMO,MG,PSD
98615,ISMAEL DOS SANTOS,SC,PSD
204436,ISNALDO BULHOES BARROS JUNIOR,AL,MDB
73531,IVAN VALENTE,SP,PSOL
220696,IVONEIDE SOUZA CAETANO,BA,PT
220670,IZA PAULA DE DEUS E MELLO ALBUQUERQUE ARRUDA,PE,MDB
220527,JACKELINE OLIVEIRA ROCHA,ES,PT
220697,JADYEL SILVA ALENCAR,PI,REPUBLICANOS
74848,JANDIRA FEGHALI,RJ,PCdoB
220567,JEFERSON RODRIGUES LEMOS,GO,REPUBLICANOS
74273,JEFFERSON ALVES DE CAMPOS,SP,PL
141456,JILMAR AUGUSTINHO TATTO,SP,PT
141458,JOÃO CARLOS PAOLILO BACELAR FILHO,BA,PL
230957,João Cury Neto,SP,MDB
178970,JOAO SOMARIVA DANIEL,SE,PT
74550,JOÃO FELIPE DE SOUZA LEÃO,BA,PP
141459,JOÃO DA SILVA MAIA,RN,PP
178910,JOAQUIM PASSARINHO PINTO DE SOUZA PORTO,PA,PL
160548,JONAS DONIZETTE FERREIRA,SP,PSB
205550,JORGE BRAZ DE OLIVEIRA,RJ,REPUBLICANOS
214694,JORGE GOETTEN DE LIMA,SC,REPUBLICANOS
178857,JORGE JOSE SANTOS PEREIRA SOLLA,BA,PT
141464,JOSÉ AIRTON FÉLIX CIRILO DA SILVA,CE,PT
141470,JOSÉ NOBRE GUIMARÃES,CE,PT
204472,JOSE ANTONIO DOS SANTOS MEDEIROS,MT,PL
204391,JOSÉ NELTO LAGARES DAS MERCEZ,GO,UNIÃO
74079,JOSÉ BENITO PRIANTE JÚNIOR,PA,MDB
74554,JOSÉ ALVES ROCHA,BA,UNIÃO
209189,JOSEILDO RIBEIRO RAMOS,BA,PT
220578,JOSENILDO SANTOS ABRANTES,AP,PDT
215043,JOSIVALDO DOS SANTOS MELO,MA,PSD
204474,JUAREZ ALVES DA COSTA,MT,MDB
220559,JULIA PEDROSO ZANATTA,SC,PL
220640,JULIANA CARDOSO,SP,PT
66385,JULIO FERRAZ ARCOVERDE,PI,PP
74317,JÚLIO CÉSAR DE CARVALHO LIMA,PI,PSD
204372,JULIO CESAR RIBEIRO,DF,REPUBLICANOS
74253,JULIO LUIZ BAPTISTA LOPES,RJ,PP
204457,ROGERIO TEIXEIRA JUNIOR,RJ,UNIÃO
204520,GERALDO JUNIO DO AMARAL,MG,PL
204497,JOÃO FERRARI JÚNIOR,PA,PSD
204574,JOSE LOURENÇO BOMFIM JUNIOR,MA,PL
204550,ANTÔNIO LUIZ RODRIGUES MANO JÚNIOR,CE,PSB
178886,JOSE JUSCELINO DOS SANTOS REZENDE FILHO,MA,UNIÃO
220677,KENISTON DE JESUS REGO BRAGA,PA,MDB
162067,FRANCISCO DANIEL CELEGUIM DE MORAIS,SP,PT
204536,KIM PATROCA KATAGUIRI,SP,MISSÃO
98057,LAFAYETTE LUIZ DOORGAL DE ANDRADA,MG,REPUBLICANOS
74856,MARIA LAURA MONTEZA DE SOUZA CARNEIRO,RJ,PSD
220566,Lêda Borges de Moura,GO,PSDB
231911,LENIR CANDIDA DE ASSIS,PR,PT
80815,LEONARDO SILVA PRATES,BA,PDT
74156,JOSÉ LEONARDO COSTA MONTEIRO,MG,PT
74299,JOSÉ LEÔNIDAS DE MENEZES CRISTINO,CE,PDT
92102,LEUR ANTONIO DE BRITTO LOMANTO JUNIOR,BA,UNIÃO
139285,LÍDICE DA MATA E SOUZA,BA,PSB
74585,LINCOLN DINIZ PORTELA,MG,PL
74858,LUIZ LINDBERGH FARIAS FILHO,RJ,PT
234253,LUCAS ABRAHAO ROSA CEZARIO DE ALMEIDA,AP,REDE
220662,LUCAS CAVALCANTI RAMOS,PE,PSB
204404,LUCAS BELLO REDECKER,RS,PSDB
138286,LUCIANO ALVES DOS SANTOS,PR,PSD
220581,LUCIANO SURUAGY DO AMARAL FILHO,AL,PSD
74478,LUCIANO CALDAS BIVAR,PE,UNIÃO
178931,LUCIANO DUCCI,PR,PSB
220616,LUCIANO VIEIRA MENDES,RJ,PSDB
178954,LUCIO ANTONIO MOSQUINI,RO,MDB
222429,LUIS CARLOS GOMES DA SILVA,RJ,REPUBLICANOS
160510,LUIS HENRIQUE DE OLIVEIRA RESENDE,MG,AVANTE
204410,LUISA CANZIANI DOS SANTOS SILVEIRA,PR,PSD
141485,LUIZ CARLOS GHIORZZI BUSATO,RS,UNIÃO
73778,LUIZ CARLOS JORGE HAULY,PR,PODE
204485,LUIZ CARLOS MOTTA,SP,PL
74041,LUIZ ALBUQUERQUE COUTO,PB,PT
141487,LUIZ FERNANDO RAMOS FARIA,MG,PSD
220658,LUIZ GASTÃO BITTENCOURT DA SILVA,CE,PSD
204455,LUIZ EDUARDO CARNEIRO DA SILVA DE SOUZA LIMA,RJ,NOVO
162332,LUIZ HILOSHI NISHIMORI,PR,PSD
204526,LUIZ PHILIPPE DE ORLEANS BRAGANÇA,SP,PL
74784,LUIZA ERUNDINA DE SOUSA,SP,PSOL
178866,LUIZIANNE DE OLIVEIRA LINS,CE,PT
220669,LUIZ EDUARDO DE QUEIROZ CAMPOS DA FONTE ALBUQUERQUE,PE,PP
166402,MAGDA MOFATTO HON,GO,PL
220648,FERNANDO JOSE DE SOUZA MARANGONI,SP,UNIÃO
156190,MARCEL VAN HATTEM,RS,NOVO
179000,MARCELO HENRIQUE TEIXEIRA DIAS,MG,PL
220599,MARCELO BEZERRA  CRIVELLA,RJ,REPUBLICANOS
133810,MARCELO PIRES MORAES,RS,PL
160161,MARCELO ANDRE CID HERACLITO DO PORTO QUEIROZ,RJ,PSDB
178983,MARCIO LUIZ ALVINO DE SOUZA,SP,PL
179001,MARCIO DELLA VALLE BIOLCHI,RS,MDB
220687,MARCIO JOSE HONAISER,MA,PDT
81055,MÁRCIO JERRY SARAIVA BARROSO,MA,PCdoB
150418,MÁRCIO CARLOS MARINHO,BA,REPUBLICANOS
160535,DIONILSO MATEUS MARCON,RS,PT
204431,MARCOS AURÉLIO  PÁDUA RIBEIRO GONÇALVES DE SAMPAIO,PI,PSD
204506,MARCOS ANTONIO PEREIRA,SP,REPUBLICANOS
220547,MARCOS SBOROWSKI POLLON,MS,PL
178943,MARCOS BEZERRA RIBEIRO SOARES,RJ,UNIÃO
220604,MARCOS PAULO BARBOSA TAVARES,RJ,PDT
220668,MARIA LEAL ARRAES DE ALENCAR,PE,SOLIDARIEDADE
74398,MARIA DO ROSÁRIO NUNES,RS,PT
204540,MARIA DO PARTO MENDES ROSAS,SP,REPUBLICANOS
220655,MARIO LUIS FRIAS,SP,PL
74158,MÁRIO LÚCIO HERINGER,MG,PDT
178858,MARIO S. M. NEGROMONTE JR.,BA,PP
220572,MARUSSA CASSIA FAVARO BOLDRIN,GO,MDB
178843,MARX BELTRÃO LIMA SIQUEIRA,AL,PP
220661,MATHEUS SOARES NORONHA,CE,PL
220609,MAURICIO FONSECA RIBEIRO CARVALHO DE MORAES,RO,UNIÃO
220628,MAURICIO LUIZ DE SOUZA,MG,PL
220550,MAURICIO BEDIN MARCON,RS,PL
220647,MANOEL MAURICIO SILVA NEVES,SP,PP
204486,CARLOS MAURO BENEVIDES FILHO,CE,PDT
220607,MAX RODRIGUES LEMOS,RJ,PDT
220591,ROZIMEIRE RIBEIRO ANDRADE,AC,UNIÃO
74428,JOSÉ MENDONÇA BEZERRA FILHO,PE,UNIÃO
188097,MERLONG SOLANO NOGUEIRA,PI,PT
220585,FRANCISCO EMERSON ASSIS DE LUCENA,PB,PP
220530,Manoel Messias Donato Bezerra,ES,REPUBLICANOS
171786,MIGUEL ÂNGELO MONTEIRO ANDRADE,MG,PT
178985,MIGUEL LOMBARDI,SP,PL
178895,MISAEL ARTUR FERREIRA VARELLA,MG,PSD
160561,JOSÉ OLIMPIO SILVEIRA MORAES,SP,PL
178997,MOSES HAENDEL MELO RODRIGUES,CE,UNIÃO
220617,MURILLO GOUVEA RODRIGUES,RJ,UNIÃO
220584,CÁSSIO MURILO GALDINO DE ARAÚJO,PB,REPUBLICANOS
204453,NATÁLIA BASTOS BONAVIDES,RN,PT
204449,NELSON NED PREVIDENTE,MT,PL
220703,ORLANDO SULZ DE ALMEIDA NETO,BA,AVANTE
178896,NEWTON CARDOSO JUNIOR,MG,MDB
204479,ANTONIO CARLOS NICOLETTI,RR,PL
209787,NIKOLAS FERREIRA DE OLIVEIRA,MG,PL
178986,NILTO IGNACIO TATTO,SP,PT
74159,ODAIR JOSÉ DA CUNHA,MG,PT
204498,OLIVAL HENRIQUE MARQUES DE SOUZA,PA,MDB
178987,ORLANDO SILVA DE JESUS JUNIOR,SP,PCdoB
73692,OSMAR GASPARINI TERRA,RS,PL
204422,OSSESIO JOSE DA SILVA,PE,REPUBLICANOS
204441,OTONI MOURA DE PAULO JUNIOR,RJ,MDB
220706,NELSON FERNANDO PADOVANI,PR,UNIÃO
160556,JOÃO CARLOS SIQUEIRA,MG,PT
180214,RAIMUNDO DINIZ ARAÚJO,RR,UNIÃO
160642,FRANCISCO EURICO DA SILVA,PE,PL
204570,GILDENEMIR DE LIMA SOUSA,MA,PL
220615,HENRIQUE DOS SANTOS VIEIRA LIMA,RJ,PSOL
204553,MANOEL ISIDORIO DE SANTANA JUNIOR,BA,AVANTE
74160,PATRUS ANANIAS DE SOUZA,MG,PT
171617,PAULO FERNANDO DOS SANTOS,AL,PT
141518,PAULO PEREIRA DA SILVA,SP,SOLIDARIEDADE
141516,PAULO ABI-ACKEL,MG,PSDB
220650,PAULO ALEXANDRE PEREIRA BARBOSA,SP,PSDB
178860,PAULO VELLOSO DANTAS AZI,BA,UNIÃO
160517,PAULO ROBERTO FOLLETTO,ES,PSB
160558,PAULO ROBERTO FREIRE DA COSTA,SP,PL
204492,PAULO JOSE CARLOS GUEDES,MG,PT
220685,PAULO HENRIQUE COLETTI FERNANDES,PR,PSD
74574,PAULO SÉRGIO PARANHOS DE MAGALHÃES,BA,PSD
128760,PAULO CELSO FONSECA MARINHO JÚNIOR,MA,PL
74400,PAULO ROBERTO SEVERO PIMENTA,RS,PT
220630,PEDRO DOSHIKAZU PIANCHAO AIHARA,MG,PRD
220667,PEDRO HENRIQUE DE A. L. C. CAMPOS,PE,PSB
122974,PEDRO LUCAS ANDRADE FERNANDES RIBEIRO,MA,UNIÃO
204395,PEDRO DEBONI LUPION MELLO,PR,REPUBLICANOS
122158,PEDRO PAULO CARVALHO TEIXEIRA,RJ,PSD
160604,PEDRO FRANCISCO UCZAI,SC,PT
204406,PEDRO BANDARRA WESTPHALEN,RS,PP
161440,RAFAEL PEZENTI,SC,MDB
204524,ANTÔNIO PINHEIRO NETO,MG,PP
73486,DARCI POMPEO DE MATTOS,RS,PDT
160601,MARCO ANTÔNIO FELICIANO,SP,PL
220533,Reginaldo Veras Coelho,DF,PV
204390,ALCIDES RIBEIRO FILHO,GO,PL
221338,LUCIENE CAVALCANTE DA SILVA,SP,PSOL
160641,MARCIVANIA DO SOCORRO DA ROCHA FLEXA,AP,PCdoB
220586,RAFAEL DE GOES BRITO,AL,MDB
233594,RAFAEL BENTO PEREIRA,RO,PODE
220532,RAFAEL CAVALCANTI PRUDENTE,DF,MDB
220626,RAFAEL TADEU SIMÕES,MG,UNIÃO
204567,RAIMUNDO MAGALHÃES COSTA,BA,PODE
74084,RAIMUNDO JOSÉ PEREIRA DOS SANTOS,PA,PSD
74161,REGINALDO LÁZARO DE OLIVEIRA LOPES,MG,PT
220606,REIMONT LUIZ OTONI SANTA BARBARA,RJ,PT
205865,REINHOLD STEPHANES JUNIOR,PR,PSD
178989,RENATA HELLMEISTER DE ABREU,SP,PODE
153423,RENILCE CONCEIÇÃO NICODEMOS DE ALBUQUERQUE,PA,MDB
73801,RENILDO VASCONCELOS CALHEIROS,PE,PCdoB
175765,RIBAMAR ANTONIO DA SILVA,SP,PSD
235088,AIRES DO ESPIRITO SANTO RIBEIRO NETO,MA,PRD
221329,RICARDO MARTINS DAVID,RJ,UNIÃO
220543,RICARDO AYRES DE CARVALHO,TO,REPUBLICANOS
73788,RICARDO JOSÉ MAGALHÃES BARROS,PR,PP
234310,RICARDO MAGNUS OSÓRIO GALVÃO,SP,REDE
204362,RICARDO ZANATTA GUIDI,SC,PL
220694,RICARDO MAIA CHAVES DE SOUZA,BA,MDB
220633,RICARDO DE AQUINO SALLES,SP,NOVO
204489,MARCOS ROBERIO RIBEIRO MONTEIRO,CE,PDT
220693,Roberta de Araujo Costa Roma,BA,PL
220588,ROBERTO DUARTE JUNIOR,AC,REPUBLICANOS
220613,ROBERTO LUIZ RODRIGUES DE OLIVEIRA,RJ,PL
220624,ROBINSON MESQUITA DE FARIA,RN,PP
220546,RODOLFO OLIVEIRA NOGUEIRA,MS,PL
230767,RODRIGO LUGLI,MT,PL
141531,RODRIGO BATISTA DE CASTRO,MG,UNIÃO
223128,RODRIGO TLUSTIK VENEK,PR,PSD
220641,RODRIGO GAMBALE VIEIRA,SP,PODE
141533,RODRIGO SOBRAL ROLLEMBERG,DF,PSB
165470,RODRIGO SANTANA VALADARES,SE,UNIÃO
220695,ROGÉRIA DE ALMEIDA PEREIRA DOS SANTOS,BA,REPUBLICANOS
204480,ROGÉRIO CORREIA DE MOURA BAPTISTA,MG,PT
160629,ROMERO RODRIGUES VEIGA,PB,PODE
204525,ROSANA DE OLIVEIRA VALLE,SP,PL
220644,ROSANGELA MARIA WOLFF DE QUADROS MORO,SP,UNIÃO
220620,ROSANGELA DE OLIVEIRA CAMPOS REIS,MG,PL
74371,RUBENS OTONI GOMIDE,GO,PT
178887,RUBENS PEREIRA E SILVA JUNIOR,MA,PT
73604,RUI GOETHE DA COSTA FALCÃO,SP,PT
160635,RUY MANUEL CARNEIRO BARBOSA DE ACA BELCHIOR,PB,PODE
204535,SAMIA DE SOUZA BOMFIM,SP,PSOL
220631,SAMUEL JOSÉ RODRIGUES DE VIANA,MG,REPUBLICANOS
204416,UBIRATAN ANTUNES SANDERSON,RS,PL
204387,GILSON CARDOSO FAHUR,PR,PL
220621,EVANDRO GONÇALVES DA SILVA JÚNIOR,RN,PL
220618,JOSÉ PORTUGAL NETO,RJ,PODE
220713,SAULLO VELAME VIANNA,AM,MDB
226837,SAULO PEDROSO DE SOUZA,SP,PSD
73808,SÉRGIO LUÍS LACERDA BRITO,BA,PSD
77003,SERGIO AUGUSTO SANTOS RODRIGUES,MG,PODE
178933,SERGIO DE SOUZA,PR,MDB
204557,SIDNEY RICARDO DE OLIVEIRA LEITE,AM,PSD
74356,SILAS CÂMARA,AM,REPUBLICANOS
204360,SILVIA CRISTINA AMANCIO CHAGAS,RO,PP
227310,SILVIO ANTONIO GUIMARAES MACHADO,MA,PL
220569,SILVYE ALVES DA SILVA,GO,UNIÃO
220651,SIMONE APARECIDA MARQUETO CURRALADAS,SP,MDB
104552,MARIA DO SOCORRO NERI MEDEIROS DE SOUZA,AC,PP
222565,NOELIO DA ROCHA OLIVEIRA,CE,UNIÃO
178946,SORAYA ALENCAR DOS SANTOS,RJ,PL
178947,SOSTENES SILVA CAVALCANTE,RJ,PL
92776,STEFANO AGUIAR DOS SANTOS,MG,PSD
204534,TABATA CLAUDIA AMARAL DE PONTES,SP,PSB
220682,ANTONIO TADEU VENERI,PR,PT
204464,TALIRIA PETRONE SOARES,RJ,PSOL
220598,TARCISIO MOTTA DE CARVALHO,RJ,PSOL
220552,LUCIANO LORENZINI ZUCCO,RS,PL
220560,JOSE THIAGO ALVES DE CARVALHO,SE,PP
220597,THIAGO LEITE FLORES PEREIRA,RO,REPUBLICANOS
143084,Tiago Dimas Braga Pereira,TO,PODE
220684,SEBASTIÃO HENRIQUE DE MEDEIROS,PR,PP
160976,FRANCISCO EVERARDO TIRIRICA OLIVEIRA SILVA,SP,PSD
178934,ANTONIO WANDSCHEER,PR,PP
157130,TÚLIO GADÊLHA SALES DE MELO,PE,REDE
160610,VALMIR CARLOS DA ASSUNÇÃO,BA,PT
74376,VANDER LUIZ DOS SANTOS LOUBET,MS,PT
234673,VALDERLAN ALVES DE SOUZA,CE,REPUBLICANOS
204396,NELSI COGUETTO MARIA,PR,PP
74283,VICENTE PAULO DA SILVA,SP,PT
137070,VICENTE ALVES DE OLIVEIRA JUNIOR,TO,PSDB
141555,VINICIUS RAPOZO DE CARVALHO,SP,REPUBLICANOS
160591,VINICIUS DE AZEVEDO GURGEL,AP,PL
178992,VITOR LIPPI,SP,PSDB
91228,WALDEMAR DE ANDRADA IGNÁCIO DE OLIVEIRA,PE,AVANTE
160569,WALDENOR ALVES PEREIRA FILHO,BA,PT
160518,WELITON FERNANDES PRADO,MG,SOLIDARIEDADE
74043,JOSÉ WELLINGTON ROBERTO,PB,PL
224333,ELTON CARLOS WELTER,PR,PT
74044,JOSÉ WILSON SANTIAGO,PB,REPUBLICANOS
220564,YANDRA BARRETO FERREIRA,SE,UNIÃO
230768,JOSE ADRIANO RIBEIRO DA SILVA,AC,PP
220536,JOSÉ HAROLDO FIGUEIREDO CAMPOS,RR,PSD
204559,JOSÉ CERQUEIRA DE SANTANA NETO,BA,PT
160632,JOSÉ SILVA SOARES,MG,SOLIDARIEDADE
220558,MARCOS ANTONIO PEREIRA GOMES,SC,PL
204517,JOSE VITOR DE RESENDE AGUIAR,MG,PL
160592,JOSÉ CARLOS BECKER DE OLIVEIRA E SILVA,PR,PT
220592,JOSÉ ESTEPHAN AMORIM BARBARY FILHO,AC,PP
